{
  "nodes": [
    {
        "id": "1",
        "last_name": "A",
        "height": 30
    },
    {
        "id": "2",
        "last_name": "B",
        "height": 30
    },
    {
        "id": "3",
        "last_name": "C",
        "height": 30
    },
    {
        "id": "4",
        "last_name": "D",
        "height": 30
    },
    {
        "id": "5",
        "last_name": "E",
        "height": 30
    },
    {
        "id": "6",
        "last_name": "F",
        "height": 30
    }
],
"edges": [
    {
        "count_id": 1,
        "from": "1",
        "to": "2",
        "name_from": "A",
        "name_to": "B",
        "distance": "3",
        "normal": null,
        "hovered": null,
        "selected": null
    },
    {
        "count_id": 2,
        "from": "1",
        "to": "3",
        "name_from": "A",
        "name_to": "C",
        "distance": "2",
        "normal": null,
        "hovered": null,
        "selected": null
    },
    {
        "count_id": 3,
        "from": "3",
        "to": "2",
        "name_from": "C",
        "name_to": "B",
        "distance": "2",
        "normal": null,
        "hovered": null,
        "selected": null
    },
    {
        "count_id": 4,
        "from": "3",
        "to": "4",
        "name_from": "C",
        "name_to": "D",
        "distance": "3",
        "normal": null,
        "hovered": null,
        "selected": null
    },
    {
        "count_id": 5,
        "from": "2",
        "to": "5",
        "name_from": "B",
        "name_to": "E",
        "distance": "4",
        "normal": null,
        "hovered": null,
        "selected": null
    },
    {
        "count_id": 6,
        "from": "4",
        "to": "5",
        "name_from": "D",
        "name_to": "E",
        "distance": "2",
        "normal": null,
        "hovered": null,
        "selected": null
    },
    {
        "count_id": 7,
        "from": "5",
        "to": "6",
        "name_from": "E",
        "name_to": "F",
        "distance": "1",
        "normal": null,
        "hovered": null,
        "selected": null
    },
    {
        "count_id": 8,
        "from": "5",
        "to": "6",
        "name_from": "E",
        "name_to": "F",
        "distance": "1",
        "normal": null,
        "hovered": null,
        "selected": null
    }
]
}